,TP,TN,FP,FN,DSC,IoU,ACC,BACC,ARI,AUC,KAP,Sensitivity,Specificity,PREC,VS,MCC,nMCC,aMCC
0,774364.3333333334,10740.333333333334,5114.333333333333,12597.0,0.988692212422639,0.9776402961258519,0.9779384898490647,0.8368336520257094,0.5246949348473373,0.8368336520257094,0.5370484296855486,0.9839998765035315,0.6896674275478872,0.9934539235443222,0.9946326658429557,0.5524361669925293,0.7762180834962646,0.5524361669925293
1,10740.333333333334,774364.3333333334,12597.0,5114.333333333333,0.547735987363755,0.37844650352878134,0.9779384898490647,0.8368336520257094,0.5246949348473373,0.8368336520257094,0.5370484296855486,0.6896674275478872,0.9839998765035315,0.46677057664398575,0.7906585443314239,0.5524361669925294,0.7762180834962646,0.5524361669925294

