,TP,TN,FP,FN,DSC,IoU,ACC,BACC,ARI,AUC,KAP,Sensitivity,Specificity,PREC,VS,MCC,nMCC,aMCC
0,779594.8333333334,10142.666666666666,5712.0,7366.5,0.9916811422694022,0.9835047618720317,0.9837092185507016,0.8206349453524959,0.5902478899491673,0.8206349453524959,0.6002026927841203,0.9906392529582387,0.6506306377467531,0.9927319390349032,0.9979450732788608,0.6031360366380771,0.8015680183190387,0.6031360366380771
1,10142.666666666666,779594.8333333334,7366.5,5712.0,0.6084305030449672,0.4407760181229318,0.9837092185507016,0.8206349453524959,0.5902478899491673,0.8206349453524959,0.6002026927841203,0.6506306377467531,0.9906392529582387,0.5776904666858762,0.9035009872917886,0.6031360366380771,0.8015680183190387,0.6031360366380771
