,TP,TN,FP,FN,DSC,IoU,ACC,BACC,ARI,AUC,KAP,Sensitivity,Specificity,PREC,VS,MCC,nMCC,aMCC
0,774577.3333333334,11250.666666666666,4604.0,12384.0,0.9891505050436574,0.9785401576266731,0.9788394850127551,0.8507677041569766,0.5492875108860904,0.8507677041569766,0.5616010280676457,0.9842661631995954,0.7172692451143576,0.9940946710357905,0.9950306309545476,0.5753857572867029,0.7876928786433516,0.5753857572867029
1,11250.666666666666,774577.3333333334,12384.0,4604.0,0.5719226265483234,0.4020026484181181,0.9788394850127551,0.8507677041569766,0.5492875108860904,0.8507677041569766,0.5616010280676457,0.7172692451143576,0.9842661631995954,0.4810595404783955,0.8049033307829925,0.5753857572867029,0.7876928786433516,0.5753857572867029
