,TP,TN,FP,FN,DSC,IoU,ACC,BACC,ARI,AUC,KAP,Sensitivity,Specificity,PREC,VS,MCC,nMCC,aMCC
0,584089.5,14469.5,1762.5,1790.5,0.9967355273149971,0.9934932506262578,0.9936535893654337,0.9419549523408217,0.8768653379335878,0.9419549523408217,0.8827645571025207,0.9966933361772503,0.8872165685043931,0.996777728090438,0.9999448415899359,0.8827669983254152,0.9413834991627076,0.8827669983254152
1,14469.5,584089.5,1790.5,1762.5,0.8860290082938718,0.7957892730941925,0.9936535893654337,0.9419549523408217,0.8768653379335878,0.9419549523408217,0.8827645571025207,0.8872165685043931,0.9966933361772503,0.8848506911637513,0.9981466921538631,0.8827669983254152,0.9413834991627076,0.8827669983254152
