,TP,TN,FP,FN,DSC,IoU,ACC,BACC,ARI,AUC,KAP,Sensitivity,Specificity,PREC,VS,MCC,nMCC,aMCC
0,780764.0,9164.833333333334,6689.833333333333,6197.333333333333,0.9918114246190459,0.9837591444307293,0.9839475463036776,0.7841724709415766,0.5675363533560356,0.7841724709415766,0.5771469834962281,0.9921213234116717,0.5762236184714813,0.9915055048092039,0.998702609062076,0.578916758680329,0.7894583793401645,0.578916758680329
1,9164.833333333334,780764.0,6197.333333333333,6689.833333333333,0.5852880025928351,0.41476827381281806,0.9839475463036776,0.7841724709415766,0.5675363533560356,0.7841724709415766,0.5771469834962281,0.5762236184714813,0.9921213234116717,0.601295543711536,0.9315661285813568,0.578916758680329,0.7894583793401645,0.578916758680329
