,TP,TN,FP,FN,DSC,IoU,ACC,BACC,ARI,AUC,KAP,Sensitivity,Specificity,PREC,VS,MCC,nMCC,aMCC
0,583795.0,14580.5,1651.5,2085.0,0.99651546566551,0.9930566623296899,0.9932282116948342,0.9436689928742209,0.8702451086379295,0.9436689928742208,0.8764822122375353,0.9961622571323758,0.891175728616066,0.9968689290687883,0.9996454695833621,0.8765581214760361,0.938279060738018,0.8765581214760361
1,14580.5,583795.0,2085.0,1651.5,0.8799662194680873,0.7864258750314079,0.9932282116948342,0.9436689928742209,0.8702451086379295,0.9436689928742208,0.8764822122375353,0.891175728616066,0.9961622571323758,0.8690450811066295,0.9874907162632638,0.8765581214760361,0.938279060738018,0.8765581214760361
