Mode,Inference_Time_ms,Peak_RAM_MB,Base_Params,LSTM_Params,Total_Params
Base_Model_Only,73.53878021240234,421.04296875,3181002.0,0.0,3181002.0
Base_plus_LSTM,284.51061248779297,518.78515625,3181002.0,159362.0,3340364.0
